query,true_item_id
need hydraulic pump urgent for maintenance,HP-200
need oil pump urgent for maintenance,HP-200
need hydraulic pump urgent for maintenance,HP-200
hydraulic pump,HP-200
hydraulic pump,HP-200
hydraulic pumping unit,HP-200
hydarulic pump,HP-200
need hydro pump urgent for maintenance,HP-200
need hydro pump urgent for maintenance,HP-200
hydrop ump,HP-200
hydraulic pumping unit,HP-200
need hydraulic pumping unit urgent for maintenance,HP-200
hydro pump,HP-200
hydraluic pump,HP-200
need oil upmp urgent for maintenance,HP-200
need hydro pump urgent for maintenance,HP-200
hyrdo pump,HP-200
need oil pump urgent for maintenance,HP-200
hydraulic pumping unit,HP-200
need oli pump urgent for maintenance,HP-200
need hydraulci pump urgent for maintenance,HP-200
oil pmup,HP-200
hydro pump,HP-200
need hydraulic pumping unit urgent for maintenance,HP-200
hydro pmup,HP-200
psi sensor,PS-10
need bar sensor urgent for maintenance,PS-10
pressure sensor,PS-10
need psi sensor urgent for maintenance,PS-10
psi sensor,PS-10
prsesure sensor,PS-10
need pressuer probe urgent for maintenance,PS-10
need psi sensor urgent for maintenance,PS-10
pressure probe,PS-10
pressrue sensor,PS-10
bar sensor,PS-10
pressure sensor,PS-10
need pressure sensro urgent for maintenance,PS-10
pressure sensor,PS-10
pressure sensor,PS-10
pressure esnsor,PS-10
need bars ensor urgent for maintenance,PS-10
psi esnsor,PS-10
psi sesnor,PS-10
need psi sensor urgent for maintenance,PS-10
pressure probe,PS-10
bar sensor,PS-10
pressure sensor,PS-10
need pressure probe urgent for maintenance,PS-10
need psi sensor urgent for maintenance,PS-10
heat camera,TC-IR
need heat camera urgent for maintenance,TC-IR
heat camera,TC-IR
need thermal camrea urgent for maintenance,TC-IR
need heta camera urgent for maintenance,TC-IR
need infrared camera urgent for maintenance,TC-IR
need infrared camera urgent for maintenance,TC-IR
thermal camera,TC-IR
thermal camera,TC-IR
need theraml camera urgent for maintenance,TC-IR
heat camera,TC-IR
need thermal camera urgent for maintenance,TC-IR
heat camera,TC-IR
heat camera,TC-IR
need heat camera urgent for maintenance,TC-IR
thermal camera,TC-IR
ir camera,TC-IR
infrared camera,TC-IR
need infrared camera urgent for maintenance,TC-IR
infrared camera,TC-IR
need infrared camera urgent for maintenance,TC-IR
thermal camera,TC-IR
irc amera,TC-IR
need ir camera urgent for maintenance,TC-IR
ir camera,TC-IR
bearing,BR-6205
need bearing urgent for maintenance,BR-6205
need motor bearing urgent for maintenance,BR-6205
need beairng urgent for maintenance,BR-6205
6205 ebaring,BR-6205
need bearign urgent for maintenance,BR-6205
need beraing urgent for maintenance,BR-6205
need beraing urgent for maintenance,BR-6205
ballb earing,BR-6205
need motor bearing urgent for maintenance,BR-6205
bearing,BR-6205
need motor bearing urgent for maintenance,BR-6205
need ball ebaring urgent for maintenance,BR-6205
6205 bearing,BR-6205
bearing,BR-6205
ball bearing,BR-6205
need ball bearing urgent for maintenance,BR-6205
mtoor bearing,BR-6205
need ball bearing urgent for maintenance,BR-6205
620 5bearing,BR-6205
bal lbearing,BR-6205
bearing,BR-6205
need 6205b earing urgent for maintenance,BR-6205
need bearing urgent for maintenance,BR-6205
6205 bearing,BR-6205
transport belt,CB-3M
belt conveyor,CB-3M
transport belt,CB-3M
assembly belt,CB-3M
asesmbly belt,CB-3M
assembly belt,CB-3M
assembly belt,CB-3M
assembyl belt,CB-3M
conveyor belt,CB-3M
assembly belt,CB-3M
need belt conveyor urgent for maintenance,CB-3M
assembly betl,CB-3M
assembly belt,CB-3M
need assembly belt urgent for maintenance,CB-3M
belt conveyor,CB-3M
trasnport belt,CB-3M
assembly belt,CB-3M
assembly belt,CB-3M
assembly belt,CB-3M
belt conveyor,CB-3M
belt ocnveyor,CB-3M
assembly belt,CB-3M
beltc onveyor,CB-3M
need belt conveyor urgent for maintenance,CB-3M
trnasport belt,CB-3M
plc conrtoller,PLC-X1
plc controller,PLC-X1
plc,PLC-X1
plc controller,PLC-X1
need programmable controller urgent for maintenance,PLC-X1
plc,PLC-X1
programmable contrloler,PLC-X1
programmable contorller,PLC-X1
programmable conrtoller,PLC-X1
plc cnotroller,PLC-X1
programmalbe controller,PLC-X1
need automation controller urgent for maintenance,PLC-X1
need plc urgent for maintenance,PLC-X1
need plc controller urgent for maintenance,PLC-X1
plc controller,PLC-X1
need programmable controller urgent for maintenance,PLC-X1
programmable controller,PLC-X1
plc,PLC-X1
programmable controller,PLC-X1
automation conrtoller,PLC-X1
need plc controller urgent for maintenance,PLC-X1
need programmable controller urgent for maintenance,PLC-X1
programmable cotnroller,PLC-X1
plc,PLC-X1
need plc urgent for maintenance,PLC-X1
electromagnetic flow meter,FM-100
need flow meter urgent for maintenance,FM-100
electromagnetic flow meter,FM-100
electromagnetic flow meter,FM-100
need electromagnetic flow meter urgent for maintenance,FM-100
folw meter,FM-100
need flow sensor urgent for maintenance,FM-100
need flowm eter urgent for maintenance,FM-100
need flowm eter urgent for maintenance,FM-100
need flow meter urgent for maintenance,FM-100
flo wsensor,FM-100
flo wmeter,FM-100
flow meter,FM-100
electromagnetic flow meter,FM-100
flow meter,FM-100
liquid meter,FM-100
need folw meter urgent for maintenance,FM-100
eletcromagnetic flow meter,FM-100
flow sensor,FM-100
electromagnetic flow meter,FM-100
need electromagneti cflow meter urgent for maintenance,FM-100
flow sensro,FM-100
electromagnetic flow meter,FM-100
need flow sensor urgent for maintenance,FM-100
flow meter,FM-100
24v actuator,VA-24
actuated valve motor,VA-24
need electric actuator urgent for maintenance,VA-24
actuated valve motor,VA-24
actuated valve motor,VA-24
electric actuator,VA-24
need 24v actuator urgent for maintenance,VA-24
24v actutaor,VA-24
need valve actuator urgent for maintenance,VA-24
electric actuator,VA-24
need 24v actuator urgent for maintenance,VA-24
actuated valve motor,VA-24
need actuated valve motor urgent for maintenance,VA-24
electric actuator,VA-24
electric actuator,VA-24
actuated valve mootr,VA-24
need valvea ctuator urgent for maintenance,VA-24
electric actuator,VA-24
electric actuator,VA-24
actuaetd valve motor,VA-24
need 24v actuator urgent for maintenance,VA-24
actuated valve motor,VA-24
electirc actuator,VA-24
need 24v actuator urgent for maintenance,VA-24
24v actuator,VA-24
power supply,PSU-12
need 12v supply urgent for maintenance,PSU-12
adapetr 12v,PSU-12
adapter 12v,PSU-12
adapter 12v,PSU-12
powe rsupply,PSU-12
need 12vs upply urgent for maintenance,PSU-12
power supply,PSU-12
need adapter 12v urgent for maintenance,PSU-12
need 12v suppyl urgent for maintenance,PSU-12
psu,PSU-12
psu,PSU-12
psu,PSU-12
need 12 vsupply urgent for maintenance,PSU-12
12v supply,PSU-12
12v supply,PSU-12
12v spuply,PSU-12
adapter 12v,PSU-12
need adaptre 12v urgent for maintenance,PSU-12
psu,PSU-12
powers upply,PSU-12
psu,PSU-12
adatper 12v,PSU-12
adapter 21v,PSU-12
need adapter 12v urgent for maintenance,PSU-12
laser esnsor,LDS-50
laser range sensor,LDS-50
need laser sensor urgent for maintenance,LDS-50
range finder,LDS-50
laser senosr,LDS-50
need laser sensor urgent for maintenance,LDS-50
need laesr range sensor urgent for maintenance,LDS-50
distances ensor,LDS-50
laser range sensor,LDS-50
distacne sensor,LDS-50
laser range sensor,LDS-50
need laser sensor urgent for maintenance,LDS-50
distance sensor,LDS-50
range finder,LDS-50
laser range sensor,LDS-50
laser range sensor,LDS-50
distacne sensor,LDS-50
laser range sensor,LDS-50
rangef inder,LDS-50
laser range senosr,LDS-50
range finder,LDS-50
need laser range sensor urgent for maintenance,LDS-50
distnace sensor,LDS-50
need distanc esensor urgent for maintenance,LDS-50
need laser range snesor urgent for maintenance,LDS-50
